{"initial_reset_timestamp": 1568711964.0949004, "timestamps": [1568711965.4757266, 1568711965.8165789, 1568711966.0883958, 1568711966.3225858, 1568711966.500794, 1568711966.662416, 1568711966.7999005, 1568711966.936831, 1568711967.0553043, 1568711967.1957793, 1568711967.2912085, 1568711967.3658423, 1568711967.460367, 1568711967.5481753, 1568711967.6406364, 1568711967.709307, 1568711967.7861557, 1568711967.85299, 1568711967.9067607, 1568711967.9913785, 1568711968.0700796, 1568711968.1652958, 1568711968.2237988, 1568711968.333176, 1568711968.3887792, 1568711968.4426887, 1568711968.4960318, 1568711968.543701, 1568711968.6027045, 1568711968.6519241, 1568711968.7157662, 1568711968.7783597, 1568711968.8469467, 1568711968.902949, 1568711968.9368765, 1568711969.0015035, 1568711969.075444, 1568711969.1249843, 1568711969.1801684, 1568711969.31758, 1568711969.3884902, 1568711969.4476447, 1568711969.5454178, 1568711969.6432168, 1568711969.7262368, 1568711969.7888665, 1568711969.861299, 1568711969.9415662, 1568711970.0158637, 1568711970.077807, 1568711970.130544, 1568711970.186941, 1568711970.2286582, 1568711970.311706, 1568711970.3783255, 1568711970.4407248, 1568711970.5207663, 1568711970.579541, 1568711970.6479762, 1568711970.7178178, 1568711970.7732618, 1568711970.844803, 1568711970.9045708, 1568711970.9693496, 1568711971.024273, 1568711971.0896797, 1568711971.1389143, 1568711971.1906514, 1568711971.2740285, 1568711971.326585, 1568711971.4081218, 1568711971.4666944, 1568711971.5354307, 1568711971.600677, 1568711971.6483536, 1568711971.7006593, 1568711971.754964, 1568711971.8574371, 1568711971.8959181, 1568711971.9572022, 1568711972.0162907, 1568711972.0806572, 1568711972.140344, 1568711972.1909177, 1568711972.2480192, 1568711972.295572, 1568711972.3466156, 1568711972.421722, 1568711972.4808435, 1568711972.544037, 1568711972.6060228, 1568711972.6606607, 1568711972.7186215, 1568711972.754722, 1568711972.8131807, 1568711972.8592997, 1568711972.927996, 1568711972.9660685, 1568711973.003503, 1568711973.0453482, 1568711973.102928, 1568711973.1466932, 1568711973.2019906, 1568711973.2594888, 1568711973.3255954, 1568711973.3676674, 1568711973.4063709, 1568711973.4558675, 1568711973.5185592, 1568711973.5692315, 1568711973.624133, 1568711973.662228, 1568711973.7106586, 1568711973.749851, 1568711973.80737, 1568711973.8552296, 1568711973.9075797, 1568711973.9538639, 1568711973.9907417, 1568711974.0440402, 1568711974.0791378, 1568711974.1325176, 1568711974.1871836, 1568711974.2207494, 1568711974.2732508, 1568711974.3203578, 1568711974.3628588, 1568711974.3990862, 1568711974.4497566, 1568711974.495597, 1568711974.5294535, 1568711974.5755305, 1568711974.609992, 1568711974.6551208, 1568711974.6895435, 1568711974.7413945, 1568711974.7841434, 1568711974.8191984, 1568711974.8654206, 1568711974.9006271, 1568711974.9359655, 1568711974.9935195, 1568711975.043712, 1568711975.096619, 1568711975.1312737, 1568711975.1692429, 1568711975.230554, 1568711975.2698107, 1568711975.3166218, 1568711975.3637366, 1568711975.4067569, 1568711975.4502616, 1568711975.4981258, 1568711975.531304, 1568711975.5714808, 1568711975.6078248, 1568711975.6670172, 1568711975.711021, 1568711975.7553113, 1568711975.802668, 1568711975.8388326, 1568711975.892543, 1568711975.9286537, 1568711975.9552283, 1568711975.9883707, 1568711976.0413349, 1568711976.0916004, 1568711976.1270177, 1568711976.1626234, 1568711976.2113454, 1568711976.255949, 1568711976.2841458, 1568711976.3115635, 1568711976.3471675, 1568711976.3926997, 1568711976.4278646, 1568711976.4780264, 1568711976.5063672, 1568711976.5415118, 1568711976.5755126, 1568711976.6087103, 1568711976.6438165, 1568711976.6736133, 1568711976.7154415, 1568711976.7613556, 1568711976.7966287, 1568711976.8483822, 1568711976.8808496, 1568711976.9222221, 1568711976.955957, 1568711976.9898033, 1568711977.0403574, 1568711977.0887997, 1568711977.135457, 1568711977.182243, 1568711977.2241547, 1568711977.2503045, 1568711977.2853367, 1568711977.3203256, 1568711977.3640993, 1568711977.394991, 1568711977.4327524, 1568711977.4704144, 1568711977.5000155, 1568711977.5352812, 1568711977.5843132, 1568711977.6264997, 1568711977.6597443, 1568711977.6941037, 1568711977.7277575, 1568711977.7738488, 1568711977.818848, 1568711977.8541882, 1568711977.8957665, 1568711977.9306257, 1568711977.97618, 1568711978.0124104, 1568711978.070159, 1568711978.1039572, 1568711978.1380491, 1568711978.164735, 1568711978.2065177, 1568711978.2396865, 1568711978.2818277, 1568711978.3318853, 1568711978.3746614, 1568711978.4070241, 1568711978.4430485, 1568711978.4881136, 1568711978.5195289, 1568711978.5638862, 1568711978.5884764, 1568711978.6216466, 1568711978.6540072, 1568711978.679385, 1568711978.7137644, 1568711978.7479072, 1568711978.7825012, 1568711978.8260303, 1568711978.859441, 1568711978.900707, 1568711978.940564, 1568711978.9866748, 1568711979.020244, 1568711979.0589435, 1568711979.0868802, 1568711979.1212006, 1568711979.1698647, 1568711979.2046325, 1568711979.2322752, 1568711979.263975, 1568711979.2909865, 1568711979.3236635, 1568711979.35892, 1568711979.3852613, 1568711979.427007, 1568711979.4632297, 1568711979.4988682, 1568711979.5328908, 1568711979.5757065, 1568711979.618359, 1568711979.6453445, 1568711979.671967, 1568711979.7070215, 1568711979.74994, 1568711979.791467, 1568711979.8229582, 1568711979.8563812, 1568711979.9055407, 1568711979.9567432, 1568711979.9938622, 1568711980.0449522, 1568711980.084437, 1568711980.116437, 1568711980.140669, 1568711980.173597, 1568711980.207628, 1568711980.2410707, 1568711980.2752237, 1568711980.3071494, 1568711980.3391106, 1568711980.366189, 1568711980.3993263, 1568711980.429708, 1568711980.471487, 1568711980.504604, 1568711980.530512, 1568711980.5620792, 1568711980.6050618, 1568711980.635669, 1568711980.6670566, 1568711980.692123, 1568711980.7161305, 1568711980.7466702, 1568711980.7803674, 1568711980.8126748, 1568711980.844058, 1568711980.8736982, 1568711980.9060032, 1568711980.9389338, 1568711980.971409, 1568711981.004601, 1568711981.0376608, 1568711981.0701857, 1568711981.1031756, 1568711981.1335652, 1568711981.1584532, 1568711981.1890337, 1568711981.232101, 1568711981.2571082, 1568711981.2828267, 1568711981.315416, 1568711981.3488054, 1568711981.390576, 1568711981.4248297, 1568711981.4511263, 1568711981.4848053, 1568711981.5202, 1568711981.5544088, 1568711981.5900528, 1568711981.6255913, 1568711981.65812, 1568711981.7017524, 1568711981.7345033, 1568711981.7689538, 1568711981.7928545, 1568711981.819723, 1568711981.8614578, 1568711981.893452, 1568711981.9280457, 1568711981.9544835, 1568711982.004409, 1568711982.0384238, 1568711982.071383, 1568711982.0968764, 1568711982.130411, 1568711982.1597133, 1568711982.192164, 1568711982.228399, 1568711982.255245, 1568711982.2800279, 1568711982.3324413, 1568711982.3677502, 1568711982.4001474, 1568711982.4341273, 1568711982.4626772, 1568711982.4960322, 1568711982.5292761, 1568711982.5707805, 1568711982.6036685, 1568711982.63516, 1568711982.6670098, 1568711982.70611, 1568711982.7374063, 1568711982.7636008, 1568711982.78729, 1568711982.8213556, 1568711982.8466213, 1568711982.8796797, 1568711982.9091213, 1568711982.9425323, 1568711982.9737487, 1568711982.9994104, 1568711983.0312545, 1568711983.0663245, 1568711983.096559, 1568711983.1284416, 1568711983.1588385, 1568711983.184587, 1568711983.2169108, 1568711983.2494438, 1568711983.2814896, 1568711983.3145843, 1568711983.3484874, 1568711983.381675, 1568711983.4062123, 1568711983.438485, 1568711983.470979, 1568711983.5037036, 1568711983.5352943, 1568711983.5605664, 1568711983.5904853, 1568711983.6289387, 1568711983.6568687, 1568711983.6890028, 1568711983.7317722, 1568711983.774583, 1568711983.8058226, 1568711983.83657, 1568711983.8711812, 1568711983.9039164, 1568711983.935322, 1568711983.9723594, 1568711984.0046701, 1568711984.0284, 1568711984.0619423, 1568711984.0992649, 1568711984.1317525, 1568711984.1627305, 1568711984.1946008, 1568711984.2187407, 1568711984.2422676, 