{"initial_reset_timestamp": 1568712868.0215986, "timestamps": [1568712868.6892977, 1568712869.0671365, 1568712869.2885041, 1568712869.4578562, 1568712869.5896735, 1568712869.7999468, 1568712869.9177232, 1568712870.027533, 1568712870.1677368, 1568712870.2460213, 1568712870.3304822, 1568712870.436694, 1568712870.5151117, 1568712870.595471, 1568712870.6913917, 1568712870.7763398, 1568712870.8364615, 1568712870.922267, 1568712870.9738183, 1568712871.039819, 1568712871.0826716, 1568712871.1352453, 1568712871.215254, 1568712871.2671666, 1568712871.3256857, 1568712871.382436, 1568712871.452154, 1568712871.496182, 1568712871.562783, 1568712871.6171784, 1568712871.657123, 1568712871.7089865, 1568712871.7560532, 1568712871.800791, 1568712871.8526952, 1568712871.898089, 1568712871.9367158, 1568712872.0028687, 1568712872.0396454, 1568712872.0982533, 1568712872.144288, 1568712872.1911998, 1568712872.2421455, 1568712872.2873833, 1568712872.3245947, 1568712872.3759785, 1568712872.4257593, 1568712872.4897444, 1568712872.5187676, 1568712872.5572793, 1568712872.6013103, 1568712872.661899, 1568712872.713652, 1568712872.7585983, 1568712872.807224, 1568712872.8511252, 1568712872.8904176, 1568712872.928853, 1568712872.9591768, 1568712872.9983072, 1568712873.0369484, 1568712873.085454, 1568712873.1110742, 1568712873.157963, 1568712873.202965, 1568712873.2561176, 1568712873.3013873, 1568712873.3479037, 1568712873.3793259, 1568712873.4258158, 1568712873.4632468, 1568712873.5004733, 1568712873.5372665, 1568712873.5713825, 1568712873.5963159, 1568712873.6275916, 1568712873.6702313, 1568712873.699274, 1568712873.7301295, 1568712873.7682889, 1568712873.8046749, 1568712873.8395777, 1568712873.8715875, 1568712873.9073284, 1568712873.9320436, 1568712873.9631124, 1568712873.99091, 1568712874.0238442, 1568712874.063925, 1568712874.0883524, 1568712874.1124742, 1568712874.1449811, 1568712874.1834795, 1568712874.2241335, 1568712874.2567859, 1568712874.2947261, 1568712874.3248482, 1568712874.354962, 1568712874.3801103, 1568712874.4140272, 1568712874.4521794, 1568712874.480145, 1568712874.5178037, 1568712874.553733, 1568712874.5902576, 1568712874.614781, 1568712874.6519537, 1568712874.6787732, 1568712874.7039557, 1568712874.7348657, 1568712874.764489, 1568712874.8015683, 1568712874.8311596, 1568712874.856008, 1568712874.8920622, 1568712874.926493, 1568712874.9516962, 1568712874.9765272, 1568712875.0058758, 1568712875.0357738, 1568712875.0682435, 1568712875.0958462, 1568712875.1209557, 1568712875.160277, 1568712875.1954322, 1568712875.2209558, 1568712875.2461898, 1568712875.2854612, 1568712875.3042128, 1568712875.3364441, 1568712875.3664436, 1568712875.3974497, 1568712875.4362898, 1568712875.4749286, 1568712875.50968, 1568712875.5402353, 1568712875.5752413, 1568712875.6151729, 1568712875.6493297, 1568712875.6734293, 1568712875.6988578, 1568712875.734267, 1568712875.7641304, 1568712875.7955532, 1568712875.8234854, 1568712875.8538983, 1568712875.8910697, 1568712875.921644, 1568712875.9579756, 1568712875.9810731, 1568712876.005777, 1568712876.037429, 1568712876.0560074, 1568712876.083145, 1568712876.114689, 1568712876.1454332, 1568712876.1697273, 1568712876.200506, 1568712876.2252707, 1568712876.2506053, 1568712876.275263, 1568712876.3107302, 1568712876.3455431, 1568712876.3698754, 1568712876.3953688, 1568712876.4280684, 1568712876.4564312, 1568712876.4868917, 1568712876.5229204, 1568712876.5475001, 1568712876.5704358, 1568712876.5955198, 1568712876.6201751, 1568712876.6454449, 1568712876.6673784, 1568712876.6976788, 1568712876.72771, 1568712876.7735434, 1568712876.8158507, 1568712876.8443868, 1568712876.8686917, 1568712876.898667, 1568712876.9311678, 1568712876.9613917, 1568712876.985799, 1568712877.0164218, 1568712877.0418913, 1568712877.074522, 1568712877.0962496, 1568712877.122794, 1568712877.159525, 1568712877.1817727, 1568712877.2013457, 1568712877.2197306, 1568712877.2523005, 1568712877.2771683, 1568712877.3057957, 1568712877.3313687, 1568712877.3623023, 1568712877.3839052, 1568712877.421774, 1568712877.4500406, 1568712877.4811482, 1568712877.5048823, 1568712877.527801, 1568712877.5515082, 1568712877.5819159, 1568712877.606071, 1568712877.6318488, 1568712877.6511967, 1568712877.6762784, 1568712877.6953163, 1568712877.718696, 1568712877.7428186, 1568712877.7757564, 1568712877.7949831, 1568712877.81874, 1568712877.8373172, 1568712877.8618295, 1568712877.8831012, 1568712877.9022894, 1568712877.9335406, 1568712877.9704492, 1568712877.9941716, 1568712878.0190694, 1568712878.0415924, 1568712878.0635295, 1568712878.0905218, 1568712878.122252, 1568712878.145463, 1568712878.1630123, 1568712878.1866524, 1568712878.21726, 1568712878.2410214, 1568712878.270677, 1568712878.294758, 1568712878.3190136, 1568712878.3425844, 1568712878.3660922, 1568712878.3909311, 1568712878.422701, 1568712878.4463527, 1568712878.4702847, 1568712878.4935634, 1568712878.5181236, 1568712878.5466611, 1568712878.5701394, 1568712878.593648, 1568712878.6186583, 1568712878.6420207, 1568712878.6652126, 1568712878.6888957, 1568712878.7129266, 1568712878.738701, 1568712878.7633348, 1568712878.7931213, 1568712878.8169832, 1568712878.84023, 1568712878.8697324, 1568712878.9043381, 1568712878.9284742, 1568712878.947013, 1568712878.971959, 1568712878.996368, 1568712879.0155704, 1568712879.0413687, 1568712879.0682404, 1568712879.093315, 1568712879.1177347, 1568712879.1369076, 1568712879.161807, 1568712879.1870081, 1568712879.2110224, 1568712879.2358031, 1568712879.2670684, 1568712879.2902544, 1568712879.320409, 1568712879.3388643, 1568712879.369047, 1568712879.3927126, 1568712879.4161777, 1568712879.4454293, 1568712879.4695709, 1568712879.4928725, 1568712879.5155783, 1568712879.5398686, 1568712879.5577376, 1568712879.575718, 1568712879.6000988, 1568712879.6245527, 1568712879.6486228, 1568712879.6752465, 1568712879.7052355, 1568712879.7289114, 1568712879.7520325, 1568712879.7755163, 1568712879.799843, 1568712879.830088, 1568712879.8487759, 1568712879.8722622, 1568712879.896226, 1568712879.9216442, 1568712879.9461493, 1568712879.9650545, 1568712879.9897954, 1568712880.023567, 1568712880.0531845, 1568712880.0776548, 1568712880.1011631, 1568712880.1250536, 1568712880.1487956, 1568712880.1681902, 1568712880.1985338, 1568712880.2180579, 1568712880.2410235, 1568712880.2651722, 1568712880.2886171, 1568712880.306453, 1568712880.3293307, 1568712880.3533182, 1568712880.372217, 1568712880.397465, 1568712880.4216304, 1568712880.4450724, 1568712880.4650404, 1568712880.483941, 1568712880.508095, 1568712880.5264008, 1568712880.5494823, 1568712880.5696285, 1568712880.5935123, 1568712880.612918, 1568712880.635985, 1568712880.659172, 1568712880.682251, 1568712880.7031965, 1568712880.7315352, 1568712880.7561445, 1568712880.778721, 1568712880.8004153, 1568712880.8241222, 1568712880.847547, 1568712880.8712277, 1568712880.8953438, 1568712880.9133422, 1568712880.936744, 1568712880.9555159, 1568712880.9790227, 1568712881.0019565, 1568712881.0253139, 1568712881.044, 1568712881.076706, 1568712881.0993738, 1568712881.1180947, 1568712881.136809, 1568712881.156291, 1568712881.173574, 1568712881.1973104, 1568712881.2198684, 1568712881.243122, 1568712881.2654402, 1568712881.289459, 1568712881.3143053, 1568712881.332835, 1568712881.356274, 1568712881.374328, 1568712881.3980315, 1568712881.4222894, 1568712881.4457881, 1568712881.4699323, 1568712881.4924192, 1568712881.512802, 1568712881.5357914, 1568712881.5587957, 1568712881.5830288, 1568712881.6059747, 1568712881.6290853, 1568712881.6508005, 1568712881.67032, 1568712881.6879094, 1568712881.7107964, 1568712881.7293828, 1568712881.7540708, 1568712881.7774088, 1568712881.800609, 1568712881.824832, 1568712881.848018, 1568712881.870773, 1568712881.8963811, 1568712881.920775, 1568712881.9452772, 1568712881.9685745, 1568712881.9912188, 1568712882.0098722, 1568712882.0314393, 1568712882.0549345, 1568712882.0762007, 1568712882.0947988, 1568712882.1184423, 1568712882.14368, 1568712882.1744967, 1568712882.1927629, 